Type,Name,Request Count,Failure Count,Median Response Time,Average Response Time,Min Response Time,Max Response Time,Average Content Size,Requests/s,Failures/s,50%,66%,75%,80%,90%,95%,98%,99%,99.9%,99.99%,100%
POST,/auth/login,29326,29214,27000.0,21613.335965293678,2052.8494999998657,61792.530100001386,2.6339425765532294,430.2913266513855,428.647985296105,27000,31000,34000,37000,40000,42000,42000,42000,53000,61000,62000
GET,/health,632,629,24000.0,20470.164567405005,146.45039999959408,42628.91579999996,1.0775316455696202,9.27314050479696,9.229122432780517,25000,30000,32000,37000,40000,42000,42000,42000,43000,43000,43000
GET,/kitchen/orders,38,0,4500.0,4630.99925526321,1775.9733000002598,8174.493299999085,106.0,0.5575622455415893,0.0,4500,4600,5600,6000,7900,8200,8200,8200,8200,8200,8200
GET,/menu,2995,2978,19000.0,19715.331595025033,2027.1266999989166,47942.40189999982,21.167946577629383,43.944708563080525,43.69527282165403,19000,30000,32000,32000,40000,42000,42000,42000,43000,48000,48000
POST,/orders,7,7,6000.0,6426.3836000003985,5844.937899999422,7844.651500001419,124.28571428571429,0.10270883470502962,0.10270883470502962,6000,6400,7300,7300,7800,7800,7800,7800,7800,7800,7800
GET,/orders/my-orders,8,8,6600.0,5536.176962499667,864.3441999993229,6855.531499999415,132.125,0.1173815253771767,0.1173815253771767,6600,6700,6800,6800,6900,6900,6900,6900,6900,6900,6900
GET,/runner/deliveries,18,0,2300.0,2290.684511111168,1692.266500000187,3227.0767999998498,90.0,0.2641084320986476,0.0,2300,2400,2400,2500,3200,3200,3200,3200,3200,3200,3200
,Aggregated,33024,32836,27000.0,21382.138355308292,146.45039999959408,61792.530100001386,4.50875121124031,484.55093675698544,481.7924709106218,27000,31000,32000,37000,40000,42000,42000,42000,53000,61000,62000
