Type,Name,Request Count,Failure Count,Median Response Time,Average Response Time,Min Response Time,Max Response Time,Average Content Size,Requests/s,Failures/s,50%,66%,75%,80%,90%,95%,98%,99%,99.9%,99.99%,100%
POST,/auth/login,9851,9805,2200.0,2383.6071233072685,2058.7384999998903,43975.93400000005,3.240178662064765,217.50529648317146,216.48963882017017,2200,2200,2300,2300,2400,2500,2600,2600,42000,44000,44000
GET,/health,976,973,2003.4113000001526,2088.708112807359,2003.4113000001526,6287.743800001408,0.6977459016393442,21.549606067158194,21.48336752391898,2000,2000,2100,2100,2200,2300,2400,2600,6300,6300,6300
GET,/kitchen/orders,14,2,2300.0,3251.9127071427647,44.42960000051244,6289.719999998852,90.85714285714286,0.3091132017830069,0.04415902882614384,4300,4300,4300,4500,6300,6300,6300,6300,6300,6300,6300
GET,/menu,4931,4920,2000.0,2084.568949097531,353.10670000035316,6285.8015000001615,8.26728858243764,108.87408557085763,108.63121091231385,2000,2000,2100,2100,2200,2300,2400,2600,4200,6300,6300
POST,/orders,3,3,5700.0,5177.1464666659695,2131.221199999345,7688.767300000109,96.66666666666667,0.06623854323921576,0.06623854323921576,5700,5700,7700,7700,7700,7700,7700,7700,7700,7700,7700
GET,/orders/my-orders,8,8,5100.0,4674.510099999679,282.5159000003623,7091.656900000089,132.125,0.17663611530457535,0.17663611530457535,5100,5100,5100,5100,7100,7100,7100,7100,7100,7100,7100
,Aggregated,15783,15711,2200.0,2274.4064294430627,44.42960000051244,43975.93400000005,4.8143572197934486,348.4809759815141,346.89125094377295,2200,2200,2200,2300,2300,2400,2600,2600,39000,44000,44000
